house,plan,polsby_popper,schwartzberg,reock,convex_hull,total_perimeter,relative_perimeter
wsa,everslc_wsa,0.25198102554321905,0.48914892043514363,0.3478632503110976,0.7207722394491753,20804467.4571902,1.1537605780844211
wsa,legis_wsa,0.24400576816207478,0.48044411549714916,0.3293282246815091,0.7177060259742102,21737537.7579121,1.2055061818481079
wsa,pmc_wsa,0.3277145864416853,0.5633542393864989,0.36980185665227944,0.7668002936358251,18031875.8088716,1
wss,everslc_wss,0.21819072753260313,0.45353745286868086,0.3448767235538893,0.7108370704217409,14073085.1161774,1.1695370956234648
wss,legis_wss,0.22589972617375445,0.46352405950051506,0.3386527623453283,0.7109198888828795,13842881.907613,1.1504061666391652
wss,pmc_wss,0.2889146992867209,0.5282076074248689,0.3570673306626948,0.7399823934998451,12033038.6858531,1
