plan,max,min,range,pct_deviation,sd,black,hispanic
legis_wsa,59764,59312,452,0.7592490852124245,129.85300745712703,6,2
legis_wss,179118,178092,1026,0.5744760777492239,215.9443101259155,2,1
pmc_wsa,60102,58991,1111,1.8662073753783266,249.89517695231342,7,2
pmc_wss,179261,177274,1987,1.1125574722102416,477.5090392607846,2,1
